customer_key,customer_id,first_name,last_name,segment,city,state,signup_date
1,C1000,April,Huang,Consumer,Christineville,MD,2023-10-25
2,C1001,Joyce,Gutierrez,Home Office,Sandovalmouth,PW,2024-05-19
3,C1002,Derrick,Collier,Home Office,Batesberg,VT,2023-09-20
4,C1003,Timothy,Hall,Home Office,Gordontown,MS,2024-01-17
5,C1004,Christopher,Coffey,Home Office,Lake Melissa,KY,2025-03-10
6,C1005,Mike,Dodson,Home Office,Taraberg,AL,2023-10-13
7,C1006,Christian,Murillo,Corporate,North Ashleyport,MT,2025-10-03
8,C1007,Crystal,Wright,Consumer,Parrishmouth,VI,2025-12-01
9,C1008,Melissa,Allen,Home Office,Russellport,NH,2025-12-17
10,C1009,Christine,Baker,Home Office,Paigemouth,DC,2023-10-31
11,C1010,Aaron,Weaver,Home Office,Andreamouth,NV,2023-09-24
12,C1011,Joel,Sanders,Home Office,East Craigberg,MH,2024-01-08
13,C1012,Thomas,Miller,Home Office,West Adrianamouth,WA,2024-09-09
14,C1013,Michael,Hernandez,Corporate,East Rebecca,AL,2026-02-20
15,C1014,Noah,Waller,Consumer,Pattonborough,MI,2024-03-24
16,C1015,Shannon,Jones,Corporate,Port Cameronmouth,NY,2023-04-20
17,C1016,Matthew,Welch,Home Office,Webbshire,GA,2025-05-06
18,C1017,Angelica,Lynch,Home Office,North Amber,ID,2025-04-01
19,C1018,Justin,Day,Home Office,Port Andreaview,VT,2025-12-25
20,C1019,Anthony,Jones,Consumer,East Catherineside,CO,2023-04-24
21,C1020,Drew,Armstrong,Corporate,Stephanieshire,GU,2024-10-29
22,C1021,Alex,Holland,Corporate,Ashleyton,AK,2025-06-06
23,C1022,David,Schneider,Home Office,East Benjamin,IA,2024-10-03
24,C1023,Keith,Bradshaw,Consumer,North Nicole,NH,2026-02-03
25,C1024,Brenda,Anderson,Home Office,Lake Davidview,MS,2023-04-19
26,C1025,Joel,Williams,Corporate,Chambersborough,PA,2023-05-14
27,C1026,Robert,Lamb,Corporate,New Jacobchester,DE,2024-10-23
28,C1027,Kelly,Roth,Consumer,Johnsonstad,PW,2024-05-02
29,C1028,Marco,Allen,Consumer,Lake Phillipside,HI,2025-11-01
30,C1029,Kelly,Graham,Consumer,Bradyberg,IA,2025-05-15
31,C1030,David,Henry,Corporate,Johnsonchester,AS,2023-07-26
32,C1031,Laura,Garcia,Home Office,Davisville,MN,2023-08-08
33,C1032,Jennifer,James,Corporate,New Brycestad,PA,2026-01-03
34,C1033,Keith,Duncan,Consumer,East Jonathanside,AL,2025-12-22
35,C1034,Ashley,Chen,Home Office,East Jimmymouth,WI,2025-01-02
36,C1035,Paul,Thompson,Consumer,East Joseph,TN,2024-09-09
37,C1036,Matthew,Martin,Consumer,South Jenna,AZ,2025-05-13
38,C1037,Mallory,Johnson,Corporate,East Seanfurt,GA,2025-08-30
39,C1038,Mark,Taylor,Consumer,New Ericborough,MT,2023-11-29
40,C1039,Michael,Best,Home Office,South Courtney,NC,2024-04-02
41,C1040,Kelly,Coleman,Consumer,East Jason,NH,2026-02-14
42,C1041,Kimberly,Rodriguez,Consumer,North Anna,WA,2025-12-17
43,C1042,Leslie,Smith,Corporate,Jameshaven,CO,2024-01-30
44,C1043,Lisa,Figueroa,Corporate,New Amy,NH,2023-09-14
45,C1044,Rose,Bennett,Consumer,Lake Eric,AZ,2025-04-19
46,C1045,Casey,Taylor,Consumer,North Samantha,GU,2024-10-21
47,C1046,Kenneth,Hicks,Consumer,Port Dana,WY,2025-01-03
48,C1047,Debra,Fischer,Consumer,West Cody,GU,2023-05-12
49,C1048,Courtney,Jones,Home Office,New Willieville,VT,2025-02-17
50,C1049,Curtis,Smith,Corporate,Harrisfort,DE,2024-06-05
51,C1050,Zachary,Burnett,Home Office,New Taylorland,IL,2025-10-01
52,C1051,Michelle,Robertson,Corporate,South Michelle,IN,2025-01-31
53,C1052,Monica,Dillon,Corporate,South Jennifer,MD,2024-12-18
54,C1053,Heather,Campbell,Consumer,Butlerton,WY,2025-12-09
55,C1054,Bradley,Perry,Corporate,West Michaelchester,VT,2026-01-24
56,C1055,Anthony,Mack,Consumer,Lake Noahside,WV,2024-10-03
57,C1056,Todd,Hernandez,Home Office,East Dustinbury,PA,2023-06-11
58,C1057,Gregory,Hart,Consumer,East Julieburgh,AS,2023-12-03
59,C1058,Matthew,Garza,Consumer,West Robert,MI,2025-09-30
60,C1059,Rodney,Everett,Consumer,East Mary,TX,2025-03-03
61,C1060,Jessica,Cortez,Home Office,Kennedyland,CO,2025-01-13
62,C1061,Don,Butler,Consumer,South Michael,OK,2023-09-04
63,C1062,Austin,Johnson,Home Office,East Matthew,MA,2025-06-26
64,C1063,Alexis,Carr,Corporate,Port Erika,AR,2024-11-19
65,C1064,Adrian,Gibson,Corporate,South Chasetown,SC,2025-08-12
66,C1065,Alyssa,Reyes,Home Office,Davidfurt,SC,2023-03-31
67,C1066,Sean,Kim,Consumer,Peterside,VI,2025-09-25
68,C1067,David,Carroll,Home Office,Claireborough,KY,2024-03-12
69,C1068,Ricky,Hayes,Corporate,West Carolynfort,FL,2023-08-28
70,C1069,Steven,Carey,Consumer,West Amy,CO,2024-03-03
71,C1070,Kevin,Peterson,Consumer,Traciberg,TX,2023-10-11
72,C1071,Deborah,Baldwin,Home Office,Bondchester,OR,2025-09-13
73,C1072,Julia,Cole,Home Office,Port Scottport,MT,2023-05-06
74,C1073,Michele,Elliott,Home Office,Stephanieland,VI,2024-05-22
75,C1074,Denise,Haley,Corporate,Rachelfurt,MH,2024-02-25
76,C1075,Kimberly,Kim,Consumer,Lake Matthewview,MI,2025-01-26
77,C1076,Bryan,Martinez,Consumer,North Jimmy,MI,2023-11-30
78,C1077,Kenneth,James,Home Office,Port Amystad,LA,2024-03-13
79,C1078,Dale,Obrien,Home Office,Port Territown,MP,2024-02-03
80,C1079,Robert,Barron,Corporate,North Kimberly,KY,2025-08-02
81,C1080,Herbert,Smith,Home Office,Lake Jeffreytown,WA,2025-07-28
82,C1081,Jamie,Oliver,Consumer,Lake Alicialand,PR,2024-01-14
83,C1082,Sue,Hernandez,Corporate,Kathleenfort,MP,2024-06-26
84,C1083,Michael,Hicks,Consumer,North Sophiaborough,MS,2024-10-15
85,C1084,Christian,Lloyd,Home Office,Jonathanshire,TX,2023-05-14
86,C1085,Eric,Arnold,Corporate,Fosterland,FM,2025-04-11
87,C1086,Denise,Barnes,Corporate,South John,OK,2025-09-30
88,C1087,Robert,Thomas,Corporate,South Rebeccashire,VI,2026-02-02
89,C1088,Thomas,Calhoun,Corporate,Moyermouth,CT,2024-09-28
90,C1089,Brandon,Mcdaniel,Consumer,Port Christopher,FM,2025-03-08
91,C1090,Jeff,Solis,Consumer,Rachelfurt,NH,2024-02-17
92,C1091,Cheyenne,Jackson,Corporate,South Randy,AR,2024-04-04
93,C1092,Steven,King,Consumer,New Carlos,PR,2025-02-11
94,C1093,Kristen,Gallagher,Corporate,Taraville,CT,2024-07-08
95,C1094,Michelle,Savage,Consumer,South Stevenmouth,CT,2023-05-02
96,C1095,Larry,King,Corporate,Castroland,MO,2025-05-02
97,C1096,Christine,Lopez,Corporate,West Lorifurt,IL,2025-06-29
98,C1097,Brian,Wade,Corporate,New Randy,ID,2023-11-26
99,C1098,Craig,Thompson,Consumer,North Keith,NY,2025-05-17
100,C1099,Sharon,Jimenez,Consumer,Lake Marissa,IA,2023-12-11
101,C1100,John,Glover,Home Office,South Rebeccaborough,AR,2024-01-07
102,C1101,Russell,Miller,Consumer,North Justin,VI,2025-01-22
103,C1102,Danielle,Newman,Home Office,Port Mariaburgh,DC,2025-02-26
104,C1103,Barbara,Haley,Consumer,Jenniferburgh,WI,2023-03-16
105,C1104,Michael,Landry,Consumer,Victoriaside,CA,2025-03-26
106,C1105,Connor,Jackson,Consumer,North Rodneyberg,FM,2026-02-10
107,C1106,Joshua,Clark,Corporate,North Cassidy,WY,2023-12-30
108,C1107,Daniel,Morales,Consumer,Lake Alexanderchester,ND,2023-09-21
109,C1108,Carlos,Kennedy,Home Office,Samanthamouth,RI,2025-11-25
110,C1109,Danielle,Jones,Home Office,Hernandezville,PA,2026-01-12
111,C1110,Raymond,Dyer,Corporate,Port Tonyastad,AS,2025-08-07
112,C1111,Laura,Yang,Corporate,Troyshire,OR,2023-12-28
113,C1112,Kathryn,Lopez,Corporate,East Ashley,IA,2025-12-07
114,C1113,Justin,Myers,Home Office,Jamieville,NE,2023-04-20
115,C1114,Amy,Moore,Home Office,Toddbury,MN,2024-08-05
116,C1115,Leah,Robinson,Consumer,North Beverlyton,OR,2023-11-11
117,C1116,Steven,Townsend,Home Office,North Danafurt,AL,2026-01-02
118,C1117,Karen,Alexander,Consumer,North Oscarhaven,GA,2023-10-15
119,C1118,Glenn,Hopkins,Corporate,Brandyview,ME,2025-10-11
120,C1119,Erin,Young,Corporate,North Michelle,TN,2025-04-21
121,C1120,Ruben,Wells,Consumer,South Timothytown,DE,2025-10-28
122,C1121,Stephen,Graves,Corporate,South Kimberlymouth,IN,2024-06-16
123,C1122,Stephanie,Moore,Home Office,South Ashley,WV,2024-12-02
124,C1123,David,Bailey,Corporate,East Kevin,PA,2024-01-06
125,C1124,John,Hudson,Corporate,Lake Danielside,MT,2025-10-01
126,C1125,Matthew,Potter,Corporate,Michelleborough,ID,2025-12-28
127,C1126,Christopher,White,Consumer,New Michelle,WI,2024-05-16
128,C1127,Daniel,Mckinney,Corporate,New Josephville,LA,2026-01-26
129,C1128,Henry,Davis,Corporate,Angelashire,IN,2024-01-31
130,C1129,Steven,James,Corporate,Danielton,VT,2023-07-26
131,C1130,Paul,Jackson,Home Office,Lisashire,KS,2023-03-09
132,C1131,William,Roberts,Consumer,Jacquelineborough,AS,2024-08-08
133,C1132,Lauren,Burns,Home Office,East Katelynland,AL,2025-01-23
134,C1133,Kimberly,Bell,Consumer,Williamschester,AS,2025-04-28
135,C1134,James,White,Home Office,Forbesberg,OH,2024-01-09
136,C1135,Victoria,Simmons,Consumer,Mcphersonton,NC,2026-02-12
137,C1136,Tommy,Baker,Corporate,Port Aaronmouth,NJ,2023-10-29
138,C1137,Alicia,Campbell,Consumer,Christopherside,FL,2024-01-15
139,C1138,Alisha,Wright,Consumer,New Victoriaside,OH,2024-10-11
140,C1139,Andrew,Robbins,Corporate,West Christina,FL,2023-07-16
141,C1140,Rachel,Davis,Home Office,New Dennisview,KS,2024-05-20
142,C1141,Richard,Burke,Home Office,Troyfurt,FM,2023-08-27
143,C1142,Alexandra,King,Consumer,Lake Sallymouth,WA,2023-03-14
144,C1143,Janet,Camacho,Home Office,Derrickmouth,GU,2024-06-27
145,C1144,Melissa,Cline,Corporate,Crystalside,MN,2024-12-21
146,C1145,Renee,Duncan,Consumer,East Wendyhaven,IN,2025-01-11
147,C1146,Angela,Martin,Corporate,New Tammy,NC,2025-01-31
148,C1147,Heather,Warner,Corporate,North Leon,CO,2024-02-13
149,C1148,Christopher,Allen,Corporate,West Markmouth,MO,2025-10-07
150,C1149,Nichole,Lawrence,Corporate,Bretttown,MT,2023-04-22
151,C1150,Donald,Garner,Corporate,Timothyshire,DE,2023-12-15
152,C1151,Gina,Russell,Home Office,North Jeremiahbury,SD,2025-04-22
153,C1152,Jeffrey,Wu,Corporate,North Jeffreyberg,PW,2025-06-20
154,C1153,Lisa,Rios,Consumer,North Annettebury,NJ,2025-08-30
155,C1154,Andrew,Kelly,Corporate,North Jefferyland,GU,2024-05-05
156,C1155,Nathan,Harris,Home Office,New Tylershire,VI,2025-07-21
157,C1156,Christina,Hughes,Consumer,New Ashleyfort,TN,2025-10-26
158,C1157,Tom,Barton,Consumer,South Paul,MT,2023-08-08
159,C1158,Thomas,Clark,Corporate,East Michael,HI,2023-09-20
160,C1159,Sergio,Hendricks,Home Office,Joannahaven,MN,2024-07-24
161,C1160,Scott,Mullins,Home Office,Port Laurenborough,NY,2024-10-02
162,C1161,Jason,Brown,Home Office,Cobbmouth,DC,2025-01-23
163,C1162,Kimberly,Johnson,Corporate,Larsonburgh,CO,2024-12-22
164,C1163,Alicia,Clark,Home Office,New Richardchester,VI,2026-01-23
165,C1164,Joanne,Holder,Corporate,South David,GU,2024-07-17
166,C1165,Jonathan,Cannon,Corporate,Jimenezshire,NV,2024-12-25
167,C1166,Kimberly,Weeks,Consumer,North Stephanie,WV,2023-11-16
168,C1167,Roy,Martin,Consumer,Kristinton,OR,2024-03-03
169,C1168,Justin,Williams,Home Office,Hendersontown,MO,2025-06-03
170,C1169,Christina,Ingram,Home Office,North Tricia,NH,2025-01-04
171,C1170,Marcus,Melton,Corporate,Jennifershire,VT,2025-01-20
172,C1171,Valerie,Gilbert,Consumer,North Jerrybury,NY,2025-10-20
173,C1172,Brittany,Rodriguez,Home Office,Wagnermouth,AL,2023-06-13
174,C1173,Tyrone,Gutierrez,Home Office,New Terri,FL,2023-07-09
175,C1174,Cindy,Young,Consumer,South Christine,NC,2025-02-02
176,C1175,Joseph,Myers,Corporate,Lake Cassie,MD,2023-08-05
177,C1176,Lisa,Adams,Consumer,Seanville,PW,2025-08-20
178,C1177,David,Peterson,Consumer,Washingtonfort,WY,2025-04-19
179,C1178,Jeffrey,Horn,Home Office,Richport,NH,2024-11-13
180,C1179,John,Davis,Consumer,East Patricia,CT,2025-12-06
181,C1180,Molly,Robertson,Consumer,Deborahmouth,AR,2025-09-19
182,C1181,Christopher,Hartman,Home Office,Allisonmouth,CA,2024-12-22
183,C1182,Christopher,Lane,Consumer,South Jeffrey,NM,2023-07-21
184,C1183,Rick,Mercado,Corporate,North Joelberg,CO,2023-12-27
185,C1184,Albert,Vasquez,Corporate,Port Ericmouth,IA,2024-10-15
186,C1185,Ariel,Schneider,Corporate,Hernandezmouth,NE,2026-02-07
187,C1186,Emma,Everett,Consumer,Parsonsberg,CO,2023-08-31
188,C1187,Teresa,Johnson,Corporate,Fieldston,VA,2025-12-03
189,C1188,William,Kelley,Consumer,Lake Williamburgh,NE,2023-04-28
190,C1189,Julie,Reed,Consumer,Davisside,AZ,2024-08-08
191,C1190,Robert,Sandoval,Consumer,Stephaniemouth,NY,2024-11-27
192,C1191,Kevin,Stone,Corporate,Romerohaven,NY,2025-11-09
193,C1192,Adrienne,Mcdonald,Consumer,Port April,WY,2023-03-10
194,C1193,James,Mills,Consumer,East Johntown,CA,2025-02-19
195,C1194,Tracey,Daniels,Corporate,North Bettyhaven,FL,2023-11-08
196,C1195,Michael,Porter,Consumer,North Melissaville,OH,2023-06-17
197,C1196,Sarah,Martin,Corporate,East Michaelstad,ID,2025-12-13
198,C1197,Brian,Hansen,Home Office,Ingramberg,WY,2025-10-21
199,C1198,Christopher,Vega,Corporate,Laurenland,MA,2023-10-16
200,C1199,Katherine,Henson,Corporate,Lake Lisaport,MS,2024-04-20
201,C1200,Edward,Black,Corporate,Prestonshire,CA,2023-04-22
202,C1201,Michelle,Evans,Home Office,Cynthiaville,VT,2025-03-25
203,C1202,Tanya,Curtis,Consumer,South Ericshire,AL,2024-01-16
204,C1203,Erin,Wright,Consumer,North Russellport,NY,2025-12-16
205,C1204,Sandra,Walker,Home Office,Lake Brett,OH,2025-01-20
206,C1205,Taylor,Johnson,Home Office,North Brandon,AS,2025-11-08
207,C1206,Timothy,Murphy,Home Office,North Karenmouth,NV,2024-07-16
208,C1207,Mary,Copeland,Corporate,Jenniferville,PR,2025-02-21
209,C1208,Suzanne,Jones,Consumer,Vernonfurt,DC,2024-01-30
210,C1209,Brian,Velazquez,Corporate,Port Bonniechester,SC,2023-09-24
211,C1210,Thomas,Walters,Consumer,West Timothy,FL,2025-11-11
212,C1211,Dennis,Leach,Corporate,Lake Matthew,PR,2025-06-01
213,C1212,Sean,Garrett,Home Office,New Keithville,VI,2024-05-18
214,C1213,James,Cannon,Consumer,Hatfieldchester,CA,2025-01-28
215,C1214,Andrea,Mason,Consumer,Russellton,MD,2025-11-24
216,C1215,Bruce,Ferguson,Home Office,North Amandashire,DE,2024-12-07
217,C1216,Christina,Duffy,Corporate,Danielberg,ND,2024-07-18
218,C1217,Kimberly,Price,Consumer,Waltersport,NE,2023-07-27
219,C1218,Jordan,Perkins,Corporate,East Roberta,AL,2025-06-26
220,C1219,Alicia,Castillo,Consumer,Angelicamouth,VT,2023-07-03
221,C1220,Ann,Castillo,Consumer,New Howard,ID,2024-09-29
222,C1221,Gary,Bell,Consumer,Jacobfort,NC,2023-09-28
223,C1222,Alexis,Wong,Corporate,East Rebeccafurt,KY,2026-01-13
224,C1223,Lisa,Hoover,Consumer,Cookbury,MD,2023-12-07
225,C1224,Jean,Roman,Consumer,Rossbury,GU,2025-08-13
226,C1225,Sarah,Wade,Corporate,South Marcusport,AL,2023-10-04
227,C1226,Melissa,Jones,Consumer,South Courtney,WY,2025-04-23
228,C1227,Candice,Proctor,Consumer,Lake Amyville,VT,2023-08-31
229,C1228,James,Morrow,Corporate,Tinahaven,MA,2025-02-28
230,C1229,Timothy,Leach,Home Office,Lorichester,DC,2024-09-08
231,C1230,Bianca,Zhang,Corporate,Johnnyberg,AR,2024-02-17
232,C1231,Michelle,Brown,Home Office,Port Robert,OH,2023-04-16
233,C1232,Kathryn,Glover,Consumer,New Raymond,UT,2023-07-08
234,C1233,Patricia,Miller,Corporate,New Samuel,OK,2023-09-11
235,C1234,Leslie,Turner,Home Office,Marymouth,NC,2023-08-20
236,C1235,Jose,Benson,Consumer,West Ashleyfurt,ID,2026-01-02
237,C1236,Tracey,Wagner,Corporate,East Katrina,PA,2024-03-11
238,C1237,Elizabeth,Evans,Home Office,West Richardberg,WA,2026-02-14
239,C1238,Cheryl,Smith,Consumer,Matthewside,NC,2024-04-21
240,C1239,Tara,Mccann,Consumer,East Pamelaburgh,VT,2025-05-22
241,C1240,Johnathan,Francis,Consumer,Sandrashire,NJ,2023-06-03
242,C1241,Jason,Wilson,Home Office,Maldonadostad,TN,2023-05-15
243,C1242,Cameron,Ramirez,Consumer,New Lauraland,UT,2025-11-28
244,C1243,Shelley,Jones,Corporate,Jenniferville,FL,2024-02-08
245,C1244,Pamela,Thomas,Consumer,Laurenshire,CO,2024-01-25
246,C1245,Michael,Smith,Home Office,Bryanfurt,MA,2024-09-25
247,C1246,Stephen,Fernandez,Consumer,Yorkville,MS,2024-03-21
248,C1247,Adrian,Beasley,Home Office,Port Thomas,MS,2024-12-01
249,C1248,David,Parks,Consumer,Jacksonstad,DE,2024-12-13
250,C1249,Stephanie,Brown,Corporate,Sarahmouth,WY,2025-06-03
251,C1250,Travis,Mcclure,Home Office,New Adam,KS,2025-09-14
252,C1251,Bryan,Ferguson,Consumer,Hernandezberg,IA,2023-12-23
253,C1252,Juan,Logan,Home Office,Stephentown,RI,2024-06-24
254,C1253,Kenneth,Greer,Consumer,Brownfurt,MH,2024-08-07
255,C1254,Alicia,Crane,Corporate,Port Stephanieberg,DE,2023-06-08
256,C1255,Robert,Johnson,Corporate,Johnstad,PR,2024-05-26
257,C1256,Monica,Anderson,Consumer,Richmondmouth,WV,2025-04-05
258,C1257,Maria,Dillon,Home Office,Lisabury,MP,2023-05-15
259,C1258,Robin,Lester,Consumer,Parkershire,MA,2024-08-01
260,C1259,Andre,Roberts,Corporate,Marksmouth,AL,2023-07-21
261,C1260,Kristina,Hunt,Corporate,Mathewsburgh,NV,2023-09-26
262,C1261,Jason,Kelley,Consumer,Port Jennifer,GU,2023-07-18
263,C1262,Nicole,Snyder,Corporate,East Carlberg,UT,2024-09-29
264,C1263,Gabriel,Mcgee,Consumer,New Phillip,OK,2023-10-10
265,C1264,Jim,Cole,Home Office,Archerbury,VA,2025-12-22
266,C1265,Daniel,Maldonado,Corporate,Barretttown,AL,2024-04-18
267,C1266,Daniel,Turner,Consumer,East Dillonville,NV,2023-04-27
268,C1267,Craig,Tran,Corporate,West Wesleyshire,VT,2023-06-14
269,C1268,John,Ross,Consumer,Morganburgh,TN,2023-10-11
270,C1269,Jennifer,Hardin,Corporate,Nielsenmouth,IN,2023-08-25
271,C1270,Bethany,Williams,Corporate,Frankview,MI,2024-10-28
272,C1271,Lisa,Oneill,Corporate,Lisahaven,ID,2025-02-02
273,C1272,Trevor,Davis,Home Office,New Alex,MI,2026-02-01
274,C1273,Christopher,White,Corporate,Williambury,IN,2025-11-26
275,C1274,Heather,Singh,Consumer,Blevinshaven,FM,2025-05-22
276,C1275,Anthony,Thomas,Corporate,South Derekbury,NH,2025-02-09
277,C1276,Rhonda,Moore,Corporate,East Charlesshire,MT,2023-03-20
278,C1277,Colin,Johnson,Home Office,Knoxport,NM,2024-09-22
279,C1278,Lisa,Palmer,Consumer,Denisefort,WV,2024-12-24
280,C1279,Daniel,Davis,Home Office,Ashleymouth,MT,2024-07-30
281,C1280,Allison,Carlson,Home Office,Lake Jeffrey,LA,2023-08-03
282,C1281,Nichole,Tran,Home Office,West Michelleshire,MP,2025-10-12
283,C1282,Joseph,Gray,Corporate,South Johnside,VT,2025-03-12
284,C1283,Nicole,Nelson,Corporate,South Ericborough,FL,2024-10-31
285,C1284,Jeffery,White,Home Office,Crystalmouth,MI,2025-07-28
286,C1285,Caroline,Scott,Consumer,Port Nicholasmouth,VI,2025-06-13
287,C1286,Thomas,Lawson,Home Office,Scottton,IN,2025-12-17
288,C1287,Keith,Ramsey,Consumer,Santanafort,NV,2024-07-29
289,C1288,Amanda,Henry,Consumer,Rhondaborough,IA,2026-02-23
290,C1289,Candice,Padilla,Consumer,Simonfort,FL,2024-08-23
291,C1290,Kathy,Robinson,Home Office,Bradleymouth,WY,2024-04-20
292,C1291,Devin,Johnson,Corporate,East Lucasfurt,KY,2026-01-16
293,C1292,Richard,Newton,Consumer,Valenzuelastad,AK,2023-08-24
294,C1293,Melanie,Kelley,Consumer,Port Nancy,WA,2025-09-12
295,C1294,Laura,Conway,Home Office,Butlerside,NC,2024-09-05
296,C1295,Sarah,Marquez,Corporate,East Ericborough,WI,2025-01-16
297,C1296,Laura,Reed,Consumer,East Dana,MP,2025-01-12
298,C1297,Jessica,Martinez,Corporate,Lake Christopher,NJ,2025-12-23
299,C1298,Ronald,Dean,Corporate,Blakestad,NC,2023-07-06
300,C1299,Bryan,Green,Corporate,Lake Denise,FL,2024-07-10
301,C1300,Rebecca,Spears,Consumer,Christopherfort,LA,2025-08-28
302,C1301,Michael,Mcgrath,Home Office,Port Christopherstad,TX,2023-08-27
303,C1302,Michael,Robbins,Consumer,Loristad,SC,2023-07-09
304,C1303,Lacey,Reyes,Consumer,East Stephen,IA,2024-12-31
305,C1304,Benjamin,Watson,Home Office,Jennifermouth,NC,2024-11-05
306,C1305,Joshua,Walsh,Corporate,Claytonbury,VA,2025-07-23
307,C1306,Sharon,Mack,Corporate,Gregorybury,DE,2024-06-20
308,C1307,Amanda,Spence,Corporate,Port Haydenland,MI,2026-01-31
309,C1308,Maxwell,Zimmerman,Corporate,Mitchellmouth,CO,2024-06-04
310,C1309,Mark,Romero,Consumer,East Kimberly,MT,2025-05-01
311,C1310,Sharon,Charles,Corporate,Lake Allison,PR,2024-07-25
312,C1311,Matthew,Coleman,Corporate,Port Julietown,IL,2023-05-01
313,C1312,James,Johnson,Home Office,Port John,PA,2024-04-02
314,C1313,Christopher,Price,Home Office,Christopherville,KS,2024-11-24
315,C1314,Cynthia,Moss,Home Office,New Jessica,NV,2025-06-02
316,C1315,Deborah,Bridges,Consumer,Marychester,DE,2025-12-30
317,C1316,Nancy,Mcneil,Consumer,East Michael,NM,2025-01-28
318,C1317,Theodore,Foster,Corporate,East Brenda,AZ,2024-06-27
319,C1318,Michelle,Collins,Consumer,Wolfhaven,LA,2024-10-15
320,C1319,Donald,Cruz,Corporate,Susanhaven,OK,2026-02-14
321,C1320,Jill,Walker,Corporate,East Ruthland,VI,2024-01-24
322,C1321,Debra,Boyle,Home Office,North Jared,WI,2026-02-10
323,C1322,Connie,Norris,Home Office,Toddview,KS,2023-08-15
324,C1323,Mark,Lee,Corporate,South Danielle,AS,2023-12-25
325,C1324,Michael,Fowler,Consumer,Hopkinsborough,IN,2024-11-16
326,C1325,Leonard,Cross,Corporate,Wolfeberg,MP,2023-09-19
327,C1326,Brian,Smith,Corporate,Lawsonville,AZ,2023-04-27
328,C1327,Joseph,Phillips,Home Office,Annaport,MS,2024-02-15
329,C1328,John,Gray,Consumer,Johnsonville,AK,2024-10-19
330,C1329,Brandon,Garcia,Home Office,Baileyfurt,ND,2025-11-03
331,C1330,Marcus,Oneill,Home Office,New Josephview,ND,2023-10-20
332,C1331,Erin,Williamson,Home Office,Jacobsonport,ID,2025-03-21
333,C1332,Jonathan,Jones,Corporate,Port Mark,NM,2024-08-05
334,C1333,Alison,Miller,Corporate,Murraybury,WV,2023-10-06
335,C1334,Mason,Morris,Corporate,Josefort,AR,2025-11-18
336,C1335,Jeremiah,Wilkins,Corporate,Port Ashleyburgh,WY,2025-06-22
337,C1336,Anna,Blair,Corporate,East Jillfort,PA,2025-02-13
338,C1337,Wayne,Chavez,Home Office,Lanefort,MA,2023-07-07
339,C1338,Elizabeth,Nelson,Consumer,Samuelhaven,AR,2025-07-04
340,C1339,Vanessa,Owens,Home Office,Robertberg,VA,2023-12-12
341,C1340,Erin,Hernandez,Home Office,Velazquezfort,LA,2023-05-29
342,C1341,Zachary,Duke,Consumer,Lake Dana,FL,2024-09-26
343,C1342,Antonio,Smith,Consumer,New Zacharyton,IN,2023-04-19
344,C1343,Lindsay,Taylor,Consumer,South Kimberlyfurt,CT,2023-03-02
345,C1344,Martin,Gibson,Home Office,Williamsmouth,MT,2024-03-10
346,C1345,Victoria,Marshall,Consumer,Danielville,MI,2025-10-02
347,C1346,Bonnie,Ramirez,Consumer,Ortegastad,RI,2025-08-08
348,C1347,Mark,Davis,Corporate,Melissaview,FM,2024-12-01
349,C1348,Heather,Espinoza,Corporate,Christopherton,MA,2024-03-05
350,C1349,Nicole,Price,Consumer,Lisamouth,HI,2025-04-28
351,C1350,John,Rocha,Consumer,Karenside,SD,2024-02-24
352,C1351,Amanda,Rose,Corporate,Brendafurt,PR,2024-05-08
353,C1352,Jay,Meyers,Corporate,North Carlaport,VI,2025-09-17
354,C1353,Timothy,Chan,Consumer,Bryanland,HI,2026-02-06
355,C1354,Angela,Smith,Home Office,New Megan,MD,2023-09-09
356,C1355,Cynthia,Hernandez,Home Office,Parkerton,KS,2025-12-02
357,C1356,Karen,Martin,Home Office,Kathleenville,IL,2024-02-12
358,C1357,Zachary,Fitzpatrick,Home Office,Lake Jacob,PR,2024-11-10
359,C1358,Christina,Hogan,Corporate,Nathanbury,MA,2024-02-27
360,C1359,Lori,Waters,Corporate,Bishopburgh,WY,2025-10-20
361,C1360,Chris,Chapman,Home Office,Danielfort,TN,2025-06-01
362,C1361,Anthony,Conway,Consumer,Gilmorefort,HI,2025-07-05
363,C1362,Robert,Murphy,Corporate,Amymouth,TN,2024-08-01
364,C1363,Patrick,Nunez,Home Office,Port Daniel,NM,2023-10-02
365,C1364,Benjamin,Mcgrath,Home Office,Parkerhaven,DE,2023-05-03
366,C1365,Jamie,Harrison,Home Office,Judithton,CO,2023-07-18
367,C1366,Chad,Oliver,Consumer,Allenview,WI,2023-05-09
368,C1367,Lisa,Morris,Consumer,North Lisa,OH,2023-06-23
369,C1368,Shannon,Rodriguez,Corporate,Moonfort,ND,2025-03-28
370,C1369,Mark,Perez,Consumer,Lake Samantha,MI,2024-06-12
371,C1370,Thomas,Walker,Consumer,Sarahside,KY,2023-09-19
372,C1371,Anna,Wall,Home Office,Nicolefort,SD,2023-11-25
373,C1372,James,Huerta,Corporate,West Rebeccafort,MH,2023-04-13
374,C1373,Peggy,Cummings,Home Office,Shaneshire,CT,2024-07-20
375,C1374,Christine,Lee,Corporate,Amberbury,PA,2026-01-12
376,C1375,Mark,Douglas,Corporate,East Kimberlymouth,ND,2025-11-06
377,C1376,Joan,Todd,Consumer,Port Brittany,PR,2025-09-25
378,C1377,Michael,Hunter,Home Office,South Roger,TN,2025-06-26
379,C1378,Lauren,Olson,Home Office,Port Molly,HI,2024-11-14
380,C1379,William,Hurst,Corporate,North William,WY,2025-08-25
381,C1380,Steven,Wyatt,Consumer,Bradleyside,NM,2025-05-07
382,C1381,Jill,Holland,Consumer,Port Wendymouth,WI,2025-05-30
383,C1382,Scott,Huerta,Corporate,Michaelstad,MI,2023-07-21
384,C1383,Michael,Terrell,Home Office,East Sarah,GU,2025-07-18
385,C1384,Kathleen,Delacruz,Home Office,New Allen,WY,2024-10-19
386,C1385,William,Olson,Home Office,Reynoldsfurt,OR,2025-05-30
387,C1386,David,Browning,Home Office,New Leslieside,CA,2025-02-02
388,C1387,David,Reyes,Corporate,West Michelleshire,NV,2023-07-07
389,C1388,Isaac,Acevedo,Home Office,Lake Abigailchester,HI,2025-03-18
390,C1389,Jennifer,Rodriguez,Consumer,North Brendachester,IA,2025-02-11
391,C1390,Jack,Stewart,Consumer,New Ryanburgh,PW,2024-09-14
392,C1391,Lisa,Whitney,Consumer,New Michaelfort,PR,2024-10-27
393,C1392,Karen,Schroeder,Corporate,New Juan,MA,2026-01-15
394,C1393,Julie,Walker,Consumer,North Jennifer,OK,2023-04-04
395,C1394,Christopher,Young,Corporate,Harrisberg,KS,2024-02-01
396,C1395,Brent,Willis,Consumer,Stanleychester,CA,2024-10-26
397,C1396,Robert,Parker,Consumer,New Kristinahaven,HI,2024-06-25
398,C1397,Mitchell,Taylor,Consumer,Cooktown,VT,2024-11-14
399,C1398,Christina,Nolan,Consumer,Roberthaven,CT,2025-06-30
400,C1399,Daniel,Gutierrez,Corporate,Port Debrachester,TX,2023-10-02
401,C1400,Samantha,Duffy,Consumer,Lake Maurice,MP,2024-09-25
402,C1401,David,Graves,Corporate,Michaelside,LA,2024-02-06
403,C1402,Kenneth,Hoffman,Home Office,Lake Marialand,GU,2023-04-11
404,C1403,Colin,Estrada,Home Office,New Kimberly,FM,2025-06-01
405,C1404,Madison,Anthony,Home Office,Antoniomouth,AS,2025-08-13
406,C1405,Donna,Goodman,Corporate,New Eugene,NY,2025-04-08
407,C1406,Gabriel,Wilcox,Home Office,Jessicamouth,UT,2024-12-26
408,C1407,Brian,Oliver,Corporate,Port Ryanfort,LA,2023-10-15
409,C1408,Diane,Gardner,Home Office,Smithton,CT,2023-03-25
410,C1409,Vincent,Gibson,Home Office,East Vicki,RI,2025-07-23
411,C1410,Nancy,Burke,Corporate,North Jeffreybury,MP,2024-02-16
412,C1411,Valerie,Porter,Home Office,New Michelle,CT,2023-10-27
413,C1412,Kimberly,Costa,Home Office,Lake Crystalport,CO,2025-11-26
414,C1413,Blake,Davidson,Home Office,Port Christopher,GA,2024-07-28
415,C1414,Tiffany,Stevens,Corporate,Princeshire,VT,2025-07-31
416,C1415,Alice,Lamb,Consumer,East Anthony,TX,2024-02-17
417,C1416,Bruce,Bowen,Consumer,Lake Barbaramouth,KY,2024-10-26
418,C1417,Janet,Carr,Corporate,Port Davidmouth,OK,2024-11-13
419,C1418,Gregory,Haynes,Home Office,Alvarezland,AZ,2024-06-07
420,C1419,Kyle,Larson,Consumer,West Charles,MA,2023-05-22
421,C1420,Brandi,Forbes,Corporate,East Michael,NE,2025-01-21
422,C1421,Lisa,Barber,Corporate,West Michael,TX,2023-11-08
423,C1422,Joshua,Higgins,Home Office,Daltonland,NE,2024-05-31
424,C1423,Jessica,Riggs,Consumer,Grantfort,IN,2024-07-22
425,C1424,Kristopher,Parker,Home Office,Barneshaven,NC,2026-01-03
426,C1425,Kristin,Booth,Corporate,Harrisstad,UT,2023-10-16
427,C1426,Destiny,Daniels,Home Office,Micheleshire,LA,2025-05-12
428,C1427,Andrew,Gonzalez,Home Office,South Brendaport,UT,2025-04-22
429,C1428,John,Spence,Consumer,East Cassandra,NJ,2025-04-13
430,C1429,Gloria,Ortiz,Consumer,Kathleenbury,HI,2023-09-12
431,C1430,Kevin,Johnson,Corporate,Andrewside,AK,2024-03-19
432,C1431,Sara,Keller,Corporate,Madelineview,GA,2023-05-27
433,C1432,Patricia,Reyes,Consumer,Salasland,MI,2025-05-08
434,C1433,Benjamin,Burke,Corporate,Port Joshuashire,WI,2024-06-25
435,C1434,Aaron,Hill,Corporate,Lake Jamie,MO,2024-11-09
436,C1435,Stephanie,Payne,Corporate,North Timothy,DE,2024-10-20
437,C1436,Gail,Brock,Corporate,Lake Brianhaven,DC,2024-01-06
438,C1437,Rachel,Parker,Corporate,Port Michael,PW,2026-02-28
439,C1438,Barry,Randall,Home Office,Port Pamelastad,TN,2025-04-29
440,C1439,Raymond,Butler,Consumer,Amandaberg,WA,2025-04-15
441,C1440,Miranda,Beltran,Corporate,West Matthew,WY,2024-07-03
442,C1441,Benjamin,Peterson,Consumer,New Johnport,MA,2025-04-28
443,C1442,Travis,Gamble,Home Office,Rogersfurt,FL,2025-08-03
444,C1443,Kenneth,Odom,Corporate,Josephton,KS,2024-11-16
445,C1444,Ricardo,Grant,Consumer,Lake Karen,MA,2023-05-20
446,C1445,April,Richards,Corporate,West Michael,CT,2023-06-11
447,C1446,Ronald,Martinez,Corporate,North Jessicaburgh,VI,2025-12-01
448,C1447,April,Griffin,Home Office,New Ambertown,AZ,2025-01-14
449,C1448,Eric,Black,Corporate,New Carol,MI,2023-06-09
450,C1449,Robert,Weeks,Consumer,Knightshire,MN,2023-09-20
451,C1450,Catherine,Thompson,Home Office,Michelletown,PR,2024-12-29
452,C1451,Caleb,Brown,Home Office,Port Amanda,OR,2026-02-18
453,C1452,Carolyn,Gonzalez,Consumer,Sparksburgh,ND,2025-02-14
454,C1453,Hunter,Zuniga,Home Office,Gonzalezstad,SD,2025-05-05
455,C1454,Zachary,Allen,Corporate,Henryshire,CT,2023-11-23
456,C1455,Ricky,Oliver,Corporate,Port Jacob,MT,2025-02-19
457,C1456,George,Ramirez,Corporate,East Whitneychester,FL,2026-01-19
458,C1457,Craig,Price,Home Office,Port Jillian,WY,2025-09-24
459,C1458,Hannah,Hinton,Corporate,North Nicolemouth,OK,2024-10-11
460,C1459,Alexis,Schmidt,Corporate,South Kirsten,LA,2024-09-10
461,C1460,Jesse,Bowman,Consumer,Skinnermouth,MD,2023-04-27
462,C1461,Wesley,Lee,Corporate,Beckerland,WV,2023-03-07
463,C1462,Sara,Waller,Home Office,Port Kevin,MO,2023-11-16
464,C1463,Eric,Espinoza,Corporate,West Briana,IA,2024-08-17
465,C1464,Cynthia,Holmes,Home Office,Hawkinsburgh,IL,2025-08-11
466,C1465,Stephanie,Allen,Home Office,New Vanessabury,MA,2024-07-04
467,C1466,Deborah,Booth,Consumer,Smithside,MO,2023-09-12
468,C1467,Chad,Martinez,Consumer,Garychester,VA,2024-08-24
469,C1468,David,Tran,Home Office,Lake Anthonyberg,CT,2023-07-21
470,C1469,Melinda,Gill,Corporate,Port Megan,NV,2024-04-09
471,C1470,James,Thomas,Corporate,Michaelmouth,OH,2024-05-12
472,C1471,Billy,Smith,Corporate,West Jenniferside,NC,2026-02-15
473,C1472,Karla,Brooks,Consumer,West Anne,WI,2024-08-17
474,C1473,Meghan,Jones,Home Office,Emilyburgh,GA,2025-02-17
475,C1474,Jenna,Watts,Corporate,New Jason,CA,2024-12-06
476,C1475,Michael,Lopez,Consumer,Lancebury,WA,2026-01-14
477,C1476,John,Smith,Home Office,Jonathanbury,CO,2025-12-23
478,C1477,Robin,Hansen,Consumer,Goodmanfurt,CA,2024-12-19
479,C1478,Debra,Morales,Consumer,Loriport,SD,2024-07-22
480,C1479,Amy,Barnes,Consumer,East Mackenzieburgh,NJ,2026-02-11
481,C1480,Aaron,Potter,Consumer,Lake Kelly,MA,2024-04-03
482,C1481,Ruth,Kent,Home Office,Mcintoshborough,IA,2025-11-08
483,C1482,Justin,Bentley,Home Office,South Edward,DC,2025-05-02
484,C1483,Keith,Garcia,Home Office,Tracybury,VI,2023-05-04
485,C1484,Andrew,Martinez,Home Office,Matthewsmouth,ND,2023-03-04
486,C1485,Paul,Gibson,Home Office,North Garyport,GA,2023-11-23
487,C1486,Becky,Wallace,Consumer,Bethbury,NY,2023-12-05
488,C1487,Christian,Kelley,Consumer,Branditon,SC,2024-05-09
489,C1488,Cody,Davila,Consumer,Melvinton,NC,2025-11-12
490,C1489,Benjamin,Hurley,Corporate,Jacquelinestad,NC,2024-09-19
491,C1490,Nicole,Payne,Home Office,Jennifertown,CA,2025-06-27
492,C1491,Carl,Smith,Corporate,Careyshire,FM,2023-04-09
493,C1492,Kathryn,Frank,Consumer,North Jenniferport,PR,2024-09-02
494,C1493,Kevin,Fernandez,Home Office,East Benjamin,AS,2023-04-24
495,C1494,Frank,Williams,Corporate,Emilyville,NV,2023-08-28
496,C1495,Mary,Rodriguez,Home Office,Howeborough,FM,2023-11-14
497,C1496,Paul,Kennedy,Consumer,North Peterstad,NV,2024-10-23
498,C1497,Erica,Taylor,Home Office,North Anna,MA,2024-11-03
499,C1498,Brianna,Edwards,Home Office,Mcgeeberg,SD,2025-05-04
500,C1499,Melanie,Frank,Home Office,Marcfort,MI,2025-09-27
501,C1500,Michael,Williams,Home Office,Lake Jenniferstad,OR,2023-07-20
502,C1501,Stephanie,Mendez,Corporate,East Charlesmouth,CT,2024-03-05
503,C1502,Sarah,Rodgers,Home Office,South Dawn,MO,2024-10-04
504,C1503,Jennifer,Gibson,Corporate,Andersonland,WV,2023-06-18
505,C1504,Michael,Mclaughlin,Consumer,Olsonshire,NY,2023-06-16
506,C1505,Angelica,Adkins,Corporate,Phillipville,LA,2023-10-29
507,C1506,Isabella,Johnson,Home Office,East Matthew,DC,2025-11-25
508,C1507,Jennifer,Sanders,Consumer,Lake Williambury,ME,2023-09-15
509,C1508,Rebecca,Miller,Home Office,Douglasborough,NV,2026-01-14
510,C1509,Kristina,Henderson,Home Office,New Sarah,OH,2025-02-06
511,C1510,Cody,Miller,Corporate,Ortizport,MH,2024-09-18
512,C1511,Kevin,Jackson,Consumer,West Timothyton,AS,2024-09-29
513,C1512,Philip,Miller,Consumer,New Darrell,IN,2025-09-15
514,C1513,Thomas,Ramirez,Corporate,South Melissa,RI,2023-05-17
515,C1514,Lisa,Richard,Home Office,East Marymouth,MH,2024-05-22
516,C1515,Michael,Anderson,Consumer,Josephborough,AL,2025-05-25
517,C1516,Robert,Thompson,Consumer,New Courtneybury,VT,2023-07-07
518,C1517,Adam,Lopez,Corporate,Nicoleburgh,ME,2024-08-08
519,C1518,Tina,Lee,Consumer,Alanbury,TN,2023-07-01
520,C1519,Leah,Mays,Home Office,Newmanside,AZ,2023-09-11
521,C1520,Kimberly,Turner,Home Office,West Bryan,VT,2024-02-19
522,C1521,Benjamin,Smith,Home Office,South James,MS,2024-12-02
523,C1522,Brian,Vance,Consumer,East Scottville,SD,2025-09-29
524,C1523,Michael,Thomas,Home Office,Warechester,VT,2024-08-08
525,C1524,Manuel,Johnson,Home Office,Gillstad,SC,2023-11-06
526,C1525,Erik,Davis,Consumer,West Kayla,ID,2025-09-02
527,C1526,Elizabeth,Garcia,Corporate,Marshside,RI,2025-02-16
528,C1527,Cindy,Gutierrez,Home Office,Suzanneview,CA,2023-06-30
529,C1528,Kristina,Dillon,Consumer,Alvarezfort,SD,2025-05-18
530,C1529,Melanie,Maxwell,Consumer,Amandastad,AR,2024-06-26
531,C1530,William,Olson,Corporate,Richardborough,AL,2023-04-02
532,C1531,Ryan,Hicks,Corporate,East Michael,IA,2023-04-02
533,C1532,Kevin,Ochoa,Corporate,Sarahport,LA,2023-03-16
534,C1533,Wanda,Gonzalez,Consumer,New Camerontown,IA,2024-02-11
535,C1534,Andrea,Becker,Consumer,Lake Teresa,PR,2025-02-23
536,C1535,John,Henson,Consumer,Katieview,VA,2023-09-25
537,C1536,Jessica,George,Corporate,Port Troyland,AS,2024-01-26
538,C1537,Marissa,Decker,Corporate,Piercefurt,HI,2023-05-13
539,C1538,Jacob,Brown,Consumer,North Jonathan,VI,2023-03-15
540,C1539,Rebecca,Johnson,Consumer,Billland,AS,2024-06-15
541,C1540,William,Wallace,Home Office,Emilyside,MD,2024-09-15
542,C1541,Jessica,Mcmahon,Consumer,North Belindaton,CA,2023-10-02
543,C1542,Dean,Williams,Consumer,Port Melinda,OH,2025-10-05
544,C1543,Sharon,Jones,Home Office,Lindseyshire,OK,2024-04-23
545,C1544,Gina,Hall,Home Office,Millerland,CO,2023-08-31
546,C1545,Anthony,Jones,Home Office,Snyderland,MT,2024-12-16
547,C1546,Marcus,Williams,Home Office,New Mark,GA,2023-10-02
548,C1547,Antonio,Thompson,Consumer,Andrewberg,PA,2025-06-04
549,C1548,Maria,Owens,Corporate,Clarkton,IN,2023-06-27
550,C1549,Tiffany,Sullivan,Corporate,Colinburgh,RI,2025-10-07
551,C1550,Jonathan,Novak,Corporate,North Rebecca,KY,2024-12-10
552,C1551,John,Johnson,Consumer,Rossstad,SD,2024-09-03
553,C1552,Jeffrey,Newton,Consumer,East Rhondaport,ID,2024-06-03
554,C1553,Billy,Watson,Home Office,North Jillchester,OH,2025-09-28
555,C1554,Todd,Pena,Consumer,Millerton,MH,2023-04-27
556,C1555,Alicia,Miller,Home Office,Dennisland,CT,2025-11-02
557,C1556,Peter,Baker,Consumer,Port Maria,MH,2024-11-02
558,C1557,Sherry,Davis,Corporate,Anthonychester,GU,2025-01-06
559,C1558,Daniel,Hernandez,Corporate,Reevesstad,OR,2024-08-02
560,C1559,Susan,George,Home Office,Kristintown,CO,2024-10-19
561,C1560,Cynthia,Trevino,Corporate,Turnerport,WY,2025-08-27
562,C1561,Emma,Rodriguez,Corporate,East Stephen,WV,2025-04-06
563,C1562,Sara,Smith,Home Office,Port Aaronside,IL,2023-04-27
564,C1563,Daniel,Curtis,Corporate,Port Stevenport,MD,2024-06-30
565,C1564,Andrew,Wilson,Home Office,Longmouth,GU,2024-07-05
566,C1565,David,Mason,Consumer,South Angelaside,CA,2024-11-18
567,C1566,Eileen,Berg,Home Office,West Jamiemouth,DE,2025-04-27
568,C1567,Sarah,Beck,Consumer,Dominiqueview,UT,2025-09-09
569,C1568,Jennifer,Palmer,Consumer,Lake Matthewside,AZ,2023-11-05
570,C1569,Stephen,Newman,Consumer,Kristenfurt,VT,2024-08-15
571,C1570,Jennifer,Cook,Home Office,New Michael,AR,2024-12-12
572,C1571,Kelsey,Martinez,Corporate,Karenberg,NV,2024-07-18
573,C1572,Erik,Ball,Home Office,Lawrenceport,ME,2025-05-16
574,C1573,Scott,Turner,Home Office,Jarvisview,WY,2024-03-02
575,C1574,Steven,Boyd,Consumer,Aaronland,VA,2023-09-21
576,C1575,Gregory,Harrison,Corporate,West Dawnmouth,OK,2024-11-02
577,C1576,Christopher,Hall,Corporate,Margaretberg,NM,2023-03-03
578,C1577,Heather,Johnson,Home Office,Lake Alanfort,NY,2025-05-01
579,C1578,Christopher,Greene,Consumer,South Joseph,PR,2024-03-05
580,C1579,Ricky,Washington,Corporate,Reidtown,TX,2025-04-20
581,C1580,Jill,Brown,Corporate,Debbiemouth,MI,2024-06-21
582,C1581,Jacqueline,Le,Home Office,Reedmouth,NY,2023-06-23
583,C1582,Jacob,Jordan,Home Office,Jonathanmouth,MT,2025-04-10
584,C1583,Jennifer,Compton,Corporate,Lake Heather,DE,2023-09-05
585,C1584,David,Collins,Consumer,East Jon,VT,2024-10-27
586,C1585,Beth,Cruz,Consumer,South Jacquelinebury,NV,2024-09-17
587,C1586,Natasha,Sheppard,Corporate,Port Michaelview,VI,2025-10-02
588,C1587,Troy,Williams,Corporate,Whiteton,NV,2023-04-02
589,C1588,Michael,Johnson,Corporate,East Michael,OH,2023-08-22
590,C1589,Michele,Baker,Consumer,West Lisaville,ME,2025-02-10
591,C1590,Marie,Gentry,Home Office,New Mark,PW,2023-05-19
592,C1591,Candace,Lin,Home Office,Dustinberg,VA,2023-07-31
593,C1592,Whitney,Reynolds,Consumer,Michelleside,LA,2023-08-26
594,C1593,Samuel,Norris,Home Office,New Gregoryville,KY,2024-10-05
595,C1594,Antonio,Payne,Consumer,Johnborough,ME,2026-01-20
596,C1595,John,Smith,Consumer,East Jamesville,KS,2024-08-09
597,C1596,Ricardo,Kerr,Consumer,North Michelleside,AK,2023-05-16
598,C1597,Susan,Hansen,Home Office,New Dianeview,ME,2024-09-15
599,C1598,David,Brown,Home Office,West Amandaview,ID,2024-08-23
600,C1599,James,Gomez,Consumer,East Ethanview,MO,2023-11-21
601,C1600,Abigail,Sanchez,Home Office,New Michaelburgh,MH,2023-12-19
602,C1601,Jeremy,Levy,Home Office,South Davidland,OH,2023-05-19
603,C1602,Timothy,Rodriguez,Consumer,Buchananland,VT,2024-02-02
604,C1603,Stacey,Blackwell,Consumer,Port Felicia,NY,2025-04-03
605,C1604,Jeremy,Keller,Home Office,Lake Kimberly,TX,2023-06-12
606,C1605,Randy,Acevedo,Consumer,North Jacobmouth,ID,2024-02-18
607,C1606,Jacob,Thompson,Corporate,Brandonside,NE,2024-08-03
608,C1607,Haley,Brown,Home Office,New Dustin,SC,2023-09-01
609,C1608,Michelle,White,Consumer,Cathyhaven,DE,2024-05-14
610,C1609,Ashley,Griffith,Corporate,Port Corey,ND,2025-04-27
611,C1610,Brenda,Ramsey,Corporate,Larryhaven,FM,2023-12-21
612,C1611,Lauren,Brown,Consumer,East Michael,MS,2024-02-21
613,C1612,Daniel,Mcdonald,Corporate,Rachelshire,NE,2024-02-08
614,C1613,Michael,Mayer,Corporate,Meganstad,LA,2025-07-24
615,C1614,Kelli,Aguirre,Consumer,Kimberlyberg,FL,2025-11-19
616,C1615,David,Holt,Home Office,Guerraton,IL,2026-01-05
617,C1616,Elizabeth,Moore,Home Office,Port Tracy,MT,2023-06-09
618,C1617,Corey,Hutchinson,Home Office,North Josephstad,MO,2025-07-23
619,C1618,Donna,Brown,Consumer,Nicholsland,PA,2024-09-03
620,C1619,Shirley,Mccormick,Consumer,Pooleview,RI,2024-01-16
621,C1620,Joseph,Peterson,Corporate,Zacharyview,NH,2025-10-14
622,C1621,Melissa,Carter,Home Office,Port Cherylhaven,MT,2024-08-26
623,C1622,Charles,Young,Home Office,Stevenstad,WV,2025-02-09
624,C1623,Dennis,Chavez,Corporate,Solomonville,FM,2025-10-16
625,C1624,Emily,Hernandez,Consumer,South Adrian,VI,2025-08-15
626,C1625,Anthony,Parks,Corporate,Lake Robinland,VA,2023-06-21
627,C1626,Jason,Miller,Corporate,Harrismouth,AZ,2023-06-26
628,C1627,Vanessa,Kidd,Corporate,Wallaceport,DE,2023-07-09
629,C1628,Peter,Boyd,Corporate,Carolynport,RI,2023-11-26
630,C1629,Angel,Walters,Consumer,North Trevorshire,VA,2024-03-04
631,C1630,Mary,Young,Corporate,East Katherineshire,PR,2023-03-22
632,C1631,Morgan,Sweeney,Home Office,South Thomas,MH,2025-11-10
633,C1632,William,Brown,Consumer,New Jacobfort,OK,2025-04-29
634,C1633,Sandra,Olson,Home Office,Port Amymouth,CT,2024-03-12
635,C1634,Chad,Ellison,Home Office,Bowershaven,MS,2025-09-08
636,C1635,Katherine,Salinas,Consumer,Deborahfurt,MA,2023-11-06
637,C1636,Allen,Gonzalez,Corporate,Carlosstad,SD,2025-06-25
638,C1637,Jerry,Edwards,Corporate,Allenmouth,VT,2025-12-08
639,C1638,Robert,Ware,Consumer,West Samuelmouth,NV,2023-11-10
640,C1639,Chelsea,Zimmerman,Corporate,Cherylmouth,ME,2024-08-16
641,C1640,Emily,Porter,Corporate,Hernandezshire,NJ,2025-05-29
642,C1641,Carolyn,Park,Consumer,North John,MN,2024-02-20
643,C1642,Jeffrey,Griffin,Corporate,Jamesview,UT,2024-05-26
644,C1643,Kristine,Rogers,Consumer,Melanieborough,PW,2024-03-30
645,C1644,Chris,Jones,Corporate,North Ashley,VA,2024-11-27
646,C1645,Misty,Coleman,Corporate,West Gerald,KS,2025-08-25
647,C1646,Ashley,Meadows,Corporate,Port Jasonborough,MH,2024-11-30
648,C1647,Lisa,Robertson,Corporate,West Alan,KS,2023-11-11
649,C1648,Michael,Allen,Home Office,Lake Angelafort,WY,2025-04-30
650,C1649,Sherry,Young,Corporate,West Elizabethburgh,PW,2025-04-28
651,C1650,Rodney,Hamilton,Consumer,Andersonfort,VT,2023-09-09
652,C1651,Timothy,Moody,Consumer,South Michelleborough,MN,2023-08-28
653,C1652,Charles,Frye,Home Office,Taylorside,AR,2023-09-30
654,C1653,Jennifer,Combs,Corporate,Patriciafurt,MN,2025-06-24
655,C1654,John,Reed,Home Office,Ashleyberg,NE,2023-09-03
656,C1655,Mary,Chavez,Consumer,Frederickburgh,MN,2023-07-01
657,C1656,Shannon,Lamb,Home Office,Erinchester,GU,2025-04-23
658,C1657,Jeremiah,Wilson,Consumer,East Danielstad,VI,2025-12-30
659,C1658,Bryan,Melton,Home Office,Smithview,WI,2023-06-05
660,C1659,William,Smith,Corporate,Riveraborough,DC,2025-10-03
661,C1660,Jaime,Cruz,Corporate,Lindsaymouth,HI,2023-11-06
662,C1661,Michael,Carter,Corporate,Jasminetown,NV,2023-12-21
663,C1662,Wesley,Turner,Home Office,Port Eric,NE,2025-07-29
664,C1663,Stephen,Roberson,Home Office,South Jordanland,PR,2024-12-28
665,C1664,James,Cook,Home Office,Port Rachaelhaven,MA,2025-10-18
666,C1665,David,Gilbert,Consumer,Christineport,LA,2025-05-18
667,C1666,Karen,Gill,Corporate,New Samantha,AR,2023-09-13
668,C1667,Kimberly,English,Corporate,East Jeremiah,OH,2023-10-21
669,C1668,Robert,Montoya,Home Office,Savagechester,ID,2024-02-08
670,C1669,Nicholas,Foster,Home Office,Amyborough,WA,2023-07-28
671,C1670,Charles,Serrano,Home Office,Lake Kathrynshire,WY,2024-07-18
672,C1671,Fernando,Lucas,Home Office,West Michaelview,SC,2023-09-08
673,C1672,Christian,Miranda,Corporate,Solomonview,KS,2023-07-08
674,C1673,Ebony,Carroll,Corporate,Clinehaven,MS,2024-12-10
675,C1674,Kristi,Vazquez,Home Office,Chadhaven,NM,2025-03-20
676,C1675,David,White,Corporate,Robertshire,TX,2025-06-04
677,C1676,Brooke,Patterson,Home Office,Nicholasfort,ME,2024-05-27
678,C1677,Tricia,Allen,Corporate,East Kellyfurt,RI,2023-05-10
679,C1678,James,Fisher,Corporate,Christophermouth,GU,2025-06-02
680,C1679,Ashley,Murphy,Consumer,Franktown,VI,2023-07-28
681,C1680,Roy,Ayers,Consumer,Lauraland,MP,2024-11-15
682,C1681,Jill,Murphy,Home Office,Sarahaven,OR,2025-06-13
683,C1682,Deborah,Ross,Consumer,Taraland,GA,2024-09-11
684,C1683,Mary,Macias,Corporate,Danielleport,NC,2025-09-16
685,C1684,Candice,Mclaughlin,Corporate,Brittneyberg,NE,2024-09-01
686,C1685,Karen,Garza,Consumer,New Michaelland,PW,2025-04-17
687,C1686,John,Ramos,Consumer,Ashleyville,OH,2025-12-02
688,C1687,Heather,Stanton,Corporate,Williamsmouth,PR,2023-09-17
689,C1688,Sheri,Johnson,Corporate,Jonesside,WY,2023-06-15
690,C1689,Nicholas,Stein,Corporate,Greenfurt,VI,2023-04-15
691,C1690,Jennifer,Payne,Consumer,North Marvin,ME,2025-12-13
692,C1691,William,Hobbs,Corporate,Garciaburgh,GU,2024-01-21
693,C1692,Heather,Brown,Consumer,East Crystal,MS,2026-02-02
694,C1693,William,Conrad,Corporate,Port Erictown,DE,2026-02-18
695,C1694,Harry,Mack,Home Office,Millerland,ND,2024-11-26
696,C1695,Timothy,Crawford,Consumer,Lake Christina,AZ,2023-12-21
697,C1696,Shelly,Mitchell,Consumer,Floresville,ID,2024-01-09
698,C1697,Stacy,Fuller,Home Office,Kevinton,MP,2023-11-21
699,C1698,Matthew,Gonzalez,Corporate,Lake Christophershire,OR,2026-02-08
700,C1699,Frank,Smith,Corporate,Michellebury,HI,2025-09-29
701,C1700,Corey,Leon,Corporate,New Megan,FL,2025-12-05
702,C1701,Charles,Nash,Consumer,South Shawnmouth,PA,2025-12-01
703,C1702,Olivia,Cochran,Corporate,Port Cynthia,TX,2023-10-27
704,C1703,Taylor,Whitehead,Corporate,Paulchester,WI,2023-06-21
705,C1704,Brittany,Rodriguez,Home Office,Tammyborough,MH,2024-01-07
706,C1705,Gary,Klein,Home Office,Johnsontown,MI,2025-09-12
707,C1706,David,Richards,Home Office,South Natalieview,WA,2023-04-30
708,C1707,Guy,Stephens,Consumer,New Heatherstad,AL,2025-11-16
709,C1708,Benjamin,Sparks,Home Office,North Gary,MI,2024-10-03
710,C1709,Joshua,Cox,Consumer,South Nicholeshire,NC,2023-03-22
711,C1710,Catherine,Rivera,Home Office,Lake Angela,CO,2023-03-13
712,C1711,Joseph,Rodriguez,Home Office,New Hailey,TN,2023-07-21
713,C1712,Jessica,Lopez,Consumer,Colinstad,NY,2024-12-09
714,C1713,Pamela,Harris,Corporate,Donaldstad,MS,2025-09-16
715,C1714,Raymond,Hamilton,Corporate,Hahnhaven,LA,2024-01-12
716,C1715,Nicole,Scott,Home Office,Jacksonfort,PW,2023-10-24
717,C1716,Sarah,Perez,Consumer,West Roger,NM,2025-01-05
718,C1717,Amanda,Anderson,Corporate,Edwardton,AR,2025-03-11
719,C1718,Michael,Harris,Corporate,West Brian,SC,2024-04-19
720,C1719,Heather,Ross,Home Office,Davidland,IL,2025-09-16
721,C1720,James,Gentry,Corporate,Port Kelsey,NH,2024-12-02
722,C1721,Valerie,Jones,Corporate,East Matthewmouth,IL,2024-04-28
723,C1722,Matthew,Manning,Home Office,North Jane,NE,2025-01-20
724,C1723,Mark,Briggs,Corporate,Kellymouth,MI,2024-04-19
725,C1724,Joshua,Fuller,Consumer,Jamesview,AK,2024-06-27
726,C1725,Brian,Taylor,Consumer,Cervanteston,KS,2023-06-21
727,C1726,Kristy,Guerrero,Corporate,Jordanshire,ID,2025-05-13
728,C1727,Erin,Simmons,Corporate,South Aaronshire,NC,2024-08-26
729,C1728,Shelley,Garcia,Home Office,North Kenneth,IN,2025-02-04
730,C1729,Ivan,Li,Corporate,Monicaborough,MS,2023-06-27
731,C1730,Nicole,Mendoza,Consumer,East Joseph,NV,2024-10-30
732,C1731,Patrick,White,Home Office,Jonesborough,PW,2025-02-28
733,C1732,Mackenzie,Garcia,Corporate,Delacruzburgh,OH,2025-06-05
734,C1733,Madison,Bauer,Home Office,Andersonfurt,TN,2023-10-28
735,C1734,Scott,Guerrero,Consumer,Mercerbury,MA,2025-03-28
736,C1735,Crystal,Barnes,Corporate,West Lawrenceside,SD,2024-12-14
737,C1736,Xavier,Salinas,Corporate,Stevenberg,FM,2024-04-24
738,C1737,Dean,Stephens,Home Office,Jasmineberg,PR,2024-08-27
739,C1738,Alexandra,Stewart,Corporate,South Joshuaborough,HI,2025-03-19
740,C1739,Robert,Barrera,Home Office,East Johnshire,TN,2023-07-28
741,C1740,Jason,Rivera,Corporate,Ellisberg,NC,2023-09-06
742,C1741,Janet,Douglas,Consumer,Lake Jennifer,PW,2024-04-19
743,C1742,Kelly,Hoffman,Home Office,South Bethbury,ND,2023-06-19
744,C1743,Whitney,Duarte,Home Office,Bestburgh,ME,2025-06-24
745,C1744,Patricia,Carroll,Home Office,Lake Gary,CT,2025-08-02
746,C1745,Mallory,Hansen,Home Office,New Kimberly,MD,2024-04-08
747,C1746,Miranda,Flores,Consumer,Castillotown,MA,2025-02-03
748,C1747,Katherine,Kelly,Home Office,West Seanmouth,NV,2023-04-22
749,C1748,Kathryn,Morrow,Corporate,Garrettland,NE,2024-01-23
750,C1749,Bryan,Nichols,Home Office,Zamoraport,ME,2025-11-18
751,C1750,John,Morgan,Corporate,Hillfurt,AS,2025-05-22
752,C1751,Roy,Frey,Consumer,North Courtneymouth,PA,2024-12-10
753,C1752,Virginia,Murphy,Corporate,Travisville,OR,2025-03-03
754,C1753,Diamond,Washington,Home Office,Jamesland,AL,2024-09-08
755,C1754,Jeremy,Woods,Corporate,Port Emilyfurt,AR,2024-06-28
756,C1755,Zachary,Reilly,Consumer,Danielburgh,MH,2025-12-06
757,C1756,Chelsea,Leonard,Corporate,Bennettfurt,IN,2024-08-07
758,C1757,Denise,Cannon,Corporate,New Mark,NY,2023-08-19
759,C1758,Charlotte,Blanchard,Corporate,Darrylbury,MP,2024-10-21
760,C1759,Taylor,Esparza,Corporate,Seantown,MH,2024-11-05
761,C1760,Linda,Miller,Corporate,Port Jessicafort,NE,2023-11-05
762,C1761,Benjamin,Davenport,Home Office,Tapialand,IA,2025-09-12
763,C1762,Kaylee,Moore,Corporate,Port Michelleshire,DC,2024-10-09
764,C1763,Sean,Berry,Home Office,Lake Kayla,UT,2023-07-26
765,C1764,Jesse,Walker,Consumer,Vegaborough,ND,2023-04-22
766,C1765,Karen,Pollard,Home Office,South Elizabethport,HI,2024-10-01
767,C1766,Victoria,Wright,Consumer,West Stephen,SC,2024-03-23
768,C1767,Curtis,Parker,Consumer,Johnview,GA,2025-02-24
769,C1768,Melissa,Gordon,Home Office,Rogersside,NY,2024-02-25
770,C1769,James,Burns,Corporate,Lynchmouth,NE,2024-10-19
771,C1770,Stacey,Silva,Home Office,Gabrielchester,NH,2024-03-02
772,C1771,Wayne,English,Corporate,Saramouth,NH,2024-10-18
773,C1772,Krista,Macdonald,Home Office,New Michaelton,NY,2025-03-31
774,C1773,Brandon,Lopez,Consumer,South Rhondatown,KY,2025-09-03
775,C1774,Antonio,Anderson,Corporate,East Nicholashaven,CO,2023-07-16
776,C1775,Kimberly,Guerra,Corporate,Lake Donaldton,MN,2025-12-06
777,C1776,Cheryl,Chapman,Consumer,Lake Erin,HI,2025-02-18
778,C1777,Kristin,Lynch,Home Office,Briggsborough,OR,2026-02-04
779,C1778,Jason,Horton,Corporate,Tarafort,OK,2025-04-06
780,C1779,James,Ramirez,Corporate,North Luisview,MH,2025-11-29
781,C1780,Joshua,Eaton,Corporate,Blanchardside,AS,2024-07-09
782,C1781,Tamara,Turner,Home Office,West Susanfurt,AZ,2025-04-23
783,C1782,Brittany,Thomas,Corporate,Gordonshire,SD,2026-02-21
784,C1783,Angela,Farmer,Corporate,Lake Wanda,MT,2023-10-02
785,C1784,Tonya,Johnson,Home Office,Danaside,FL,2024-01-06
786,C1785,Hannah,Thompson,Corporate,East Caitlin,WY,2024-05-22
787,C1786,Ann,Brown,Home Office,Curtischester,NJ,2023-11-15
788,C1787,Jason,Taylor,Corporate,East Jameschester,TX,2023-03-27
789,C1788,Robert,Hooper,Home Office,New Alicia,PW,2023-08-11
790,C1789,Sarah,Gonzalez,Corporate,Michaelberg,WI,2024-05-15
791,C1790,Valerie,Williams,Corporate,Port Nicholashaven,AR,2024-07-01
792,C1791,Andrea,Perez,Consumer,Nathanville,CO,2024-01-27
793,C1792,James,Shaw,Corporate,Carterburgh,LA,2023-11-06
794,C1793,Joseph,Ellis,Consumer,North Robertmouth,WV,2026-02-18
795,C1794,Gina,Moran,Home Office,Sophiatown,TN,2024-05-21
796,C1795,Patrick,Moore,Corporate,New Willie,OH,2023-03-14
797,C1796,Devin,York,Consumer,East Steven,FM,2025-12-20
798,C1797,Christopher,Jones,Consumer,Kathleenport,AL,2023-08-05
799,C1798,Travis,Miller,Corporate,Littleport,VT,2024-12-23
800,C1799,David,Allen,Consumer,Lake Victoriafurt,VI,2023-07-24
801,C1800,Richard,Fischer,Home Office,Port Jacob,DC,2024-12-25
802,C1801,Robert,Gross,Home Office,Hamiltonville,WI,2023-11-13
803,C1802,Tammy,Sanchez,Home Office,Snydermouth,IA,2025-04-16
804,C1803,Tara,James,Corporate,North Thomashaven,DE,2025-09-21
805,C1804,Anthony,Potts,Consumer,Port Angelaland,NY,2025-08-26
806,C1805,Andrea,Adams,Consumer,West Amandatown,NM,2025-01-13
807,C1806,Frank,Alexander,Home Office,West Coryberg,RI,2023-09-30
808,C1807,Christopher,Sullivan,Consumer,South Raymond,TN,2025-12-05
809,C1808,George,Wolf,Corporate,South Gabriellabury,IA,2025-11-11
810,C1809,Samuel,Gilmore,Home Office,Lake Timothyfort,SC,2024-09-03
811,C1810,Dakota,Davis,Home Office,Moorefort,OR,2023-09-07
812,C1811,Christopher,Cross,Home Office,North Michael,WV,2023-10-09
813,C1812,Amber,Morris,Corporate,New Valerieborough,PA,2025-07-29
814,C1813,Anthony,Mora,Corporate,West Jamiechester,ID,2023-10-21
815,C1814,Michael,Myers,Corporate,Rosefurt,AZ,2023-09-14
816,C1815,Miranda,Smith,Consumer,South William,CT,2025-08-18
817,C1816,Jay,Shelton,Corporate,New Nicole,IN,2025-03-23
818,C1817,Scott,Wang,Corporate,Danielfort,ID,2023-11-07
819,C1818,Emily,Bell,Home Office,North Craigside,VA,2024-12-25
820,C1819,Megan,Fields,Corporate,Amandaview,WV,2024-08-24
821,C1820,Jamie,Rhodes,Consumer,Kendramouth,ND,2025-01-26
822,C1821,Alicia,Barton,Corporate,East Jodi,UT,2024-09-28
823,C1822,Jennifer,Hudson,Corporate,East Jamesfort,GU,2023-05-18
824,C1823,Deborah,Adams,Home Office,West Patricia,UT,2024-01-21
825,C1824,David,Butler,Corporate,West Duaneborough,CO,2024-02-13
826,C1825,Adrian,Pena,Corporate,New Robertmouth,IA,2025-09-08
827,C1826,Christina,Gonzales,Home Office,Port Josehaven,CT,2024-06-26
828,C1827,Amy,Bowers,Corporate,North Amber,CA,2025-09-30
829,C1828,James,Chan,Corporate,West Gregoryside,LA,2023-08-07
830,C1829,Scott,Payne,Home Office,North Laurenview,SC,2026-02-06
831,C1830,Parker,Warner,Corporate,South Lindsay,PA,2025-09-29
832,C1831,Lisa,Huynh,Corporate,Holthaven,MN,2025-11-26
833,C1832,Marie,Fleming,Consumer,Mejiaview,PR,2026-02-12
834,C1833,Jay,Peterson,Home Office,Jonesborough,WA,2025-10-12
835,C1834,Allison,Mitchell,Consumer,New Rachel,MN,2023-11-05
836,C1835,Taylor,Butler,Home Office,New Douglasborough,TX,2025-08-17
837,C1836,Lisa,Thomas,Home Office,Herrerabury,AZ,2024-01-14
838,C1837,Ryan,Thomas,Home Office,Salinashaven,VI,2023-08-08
839,C1838,Jamie,Davis,Home Office,Lake Williamview,IA,2026-02-08
840,C1839,Daniel,Hall,Home Office,Levihaven,ND,2025-11-20
841,C1840,Melinda,Green,Consumer,Rickmouth,NJ,2023-06-23
842,C1841,Sandra,Mcmahon,Corporate,Lake Shawnview,OR,2025-10-22
843,C1842,Scott,Foster,Corporate,Timothytown,MI,2024-08-23
844,C1843,Kevin,West,Home Office,Lake Robert,AR,2024-09-21
845,C1844,Robert,Harrison,Consumer,Sarastad,TX,2023-04-01
846,C1845,Amanda,Lopez,Home Office,Amyborough,WI,2025-05-04
847,C1846,John,Hurley,Consumer,Phillipton,IL,2025-03-14
848,C1847,Mitchell,Boyd,Consumer,Charlestown,NC,2023-05-31
849,C1848,Douglas,Castro,Consumer,New Kathrynstad,NY,2023-11-16
850,C1849,John,Grant,Home Office,Port Christopherbury,NM,2024-01-07
851,C1850,Christina,Lane,Corporate,West Micheleberg,MP,2024-04-07
852,C1851,Alexandra,Ryan,Corporate,Baldwinstad,RI,2024-04-29
853,C1852,Dennis,Coleman,Corporate,Sandraberg,MP,2023-09-05
854,C1853,Christina,Rhodes,Corporate,East David,VI,2024-12-03
855,C1854,Alexander,Watson,Corporate,Lake Danielstad,VT,2023-10-27
856,C1855,Brian,Taylor,Consumer,West Carlos,WI,2025-11-12
857,C1856,Victoria,Foster,Consumer,North Helen,MO,2025-01-02
858,C1857,Regina,Shah,Consumer,Brownfurt,AS,2024-09-22
859,C1858,Anthony,Hall,Consumer,North Matthewtown,GU,2023-11-05
860,C1859,Gregory,Garrett,Home Office,Silvachester,ME,2024-12-28
861,C1860,Jillian,Hawkins,Home Office,Campbellshire,FM,2024-11-09
862,C1861,Ryan,Brown,Consumer,Brownmouth,MI,2023-07-10
863,C1862,Daniel,Mcintyre,Home Office,Dennisfort,HI,2025-04-14
864,C1863,Stephen,Gray,Home Office,Samanthashire,PW,2024-12-14
865,C1864,Brian,Garcia,Home Office,East Jeremiah,KY,2025-05-04
866,C1865,Isaiah,Stevens,Home Office,West Allisonville,GU,2025-03-03
867,C1866,Brendan,Anderson,Home Office,East Ashley,IN,2025-12-14
868,C1867,Manuel,Pollard,Consumer,Dennisborough,SC,2024-09-22
869,C1868,Don,Combs,Home Office,South Donaldbury,MI,2024-01-10
870,C1869,David,Dorsey,Home Office,Williamsfort,MN,2024-12-01
871,C1870,Troy,Bradley,Consumer,Knoxton,FL,2023-11-03
872,C1871,Kristen,Rogers,Consumer,Leeborough,TX,2025-12-20
873,C1872,Brady,Strickland,Consumer,North Ryanfurt,MH,2023-06-07
874,C1873,Jessica,Brewer,Home Office,East Brian,PA,2025-06-25
875,C1874,Debra,Smith,Home Office,Port Deborah,IL,2026-01-16
876,C1875,Kyle,Rodriguez,Corporate,Fieldsport,WI,2024-06-22
877,C1876,Tyler,Richmond,Home Office,Masonchester,MS,2024-11-26
878,C1877,Janice,Boyer,Home Office,New Donald,UT,2024-01-14
879,C1878,William,Newton,Corporate,Lake Gordonmouth,NJ,2023-10-12
880,C1879,Dustin,Robinson,Corporate,Lake Keith,SD,2025-06-23
881,C1880,Justin,George,Home Office,South Nathanmouth,IA,2026-01-03
882,C1881,Jennifer,Wallace,Home Office,South Stephen,NV,2024-02-08
883,C1882,Cameron,Hanson,Home Office,Lake Linda,GU,2025-03-09
884,C1883,Kevin,Gay,Home Office,Butlermouth,NH,2026-01-24
885,C1884,Lindsey,Ward,Consumer,Port John,FM,2023-12-26
886,C1885,Megan,Winters,Consumer,Joshuafort,IA,2023-08-12
887,C1886,Brian,Taylor,Consumer,Mccormickburgh,MD,2023-07-02
888,C1887,Lisa,Harding,Consumer,Carrilloland,AK,2024-02-21
889,C1888,Ashley,Webb,Corporate,Bryanmouth,MT,2025-02-04
890,C1889,Hunter,Smith,Corporate,Woodchester,VT,2023-03-07
891,C1890,Cindy,Mccoy,Consumer,Hessstad,NC,2024-12-05
892,C1891,Lauren,Smith,Consumer,Saraborough,DC,2026-01-17
893,C1892,Christine,Bush,Corporate,Bonillafurt,MO,2024-09-15
894,C1893,Joseph,Crosby,Home Office,West Jerryport,IA,2023-03-21
895,C1894,Steven,Pratt,Consumer,Lake Kyle,CA,2024-06-01
896,C1895,Michael,Davis,Home Office,South Jeffrey,DE,2024-12-29
897,C1896,Brandon,Myers,Corporate,New Jeremy,HI,2024-05-17
898,C1897,Kenneth,Pace,Home Office,North Stephanieton,HI,2025-11-24
899,C1898,Lauren,Reed,Home Office,Port Jessica,AL,2025-10-04
900,C1899,Nicholas,Robles,Corporate,Isaacchester,NJ,2024-05-06
901,C1900,William,Mills,Home Office,Dustinfort,AL,2025-02-19
902,C1901,Zachary,Chavez,Consumer,East Ryan,PW,2024-12-02
903,C1902,Joshua,Thompson,Corporate,Peterfurt,AZ,2023-09-04
904,C1903,Maria,Johnson,Corporate,Castanedafurt,NM,2025-09-25
905,C1904,Vicki,Blackburn,Corporate,East Ryanshire,AL,2024-11-03
906,C1905,Jennifer,Pena,Home Office,West Jeffery,GA,2023-07-27
907,C1906,Aaron,Caldwell,Corporate,Adamsborough,MT,2023-06-24
908,C1907,Maria,Hoover,Home Office,Lake Hannahhaven,UT,2023-04-15
909,C1908,David,Wheeler,Consumer,South Michaelburgh,NH,2024-11-23
910,C1909,John,Hubbard,Consumer,Olsonview,UT,2024-10-05
911,C1910,Marie,Lawson,Consumer,Port Shannon,MS,2023-06-13
912,C1911,Michael,Harris,Home Office,Carlosport,MH,2024-09-11
913,C1912,Lisa,Marshall,Consumer,Lake Joshua,KY,2024-06-06
914,C1913,Claudia,Bradford,Home Office,Thomasland,OK,2023-03-08
915,C1914,Brandy,Ross,Consumer,Millerstad,NM,2025-07-26
916,C1915,Stephanie,Avila,Home Office,Port Jeffreychester,IL,2023-06-09
917,C1916,Barbara,Lopez,Home Office,Gravesview,MI,2025-05-08
918,C1917,Erica,Christensen,Consumer,Toniville,KS,2023-07-20
919,C1918,Ann,Cantu,Corporate,Joshuachester,PR,2023-06-10
920,C1919,Patricia,Swanson,Consumer,Lake Denise,WI,2025-06-20
921,C1920,Cameron,Russell,Consumer,New Christopher,VA,2025-03-10
922,C1921,Taylor,Moore,Consumer,Jessicamouth,NY,2026-01-02
923,C1922,Shawn,Brown,Corporate,Mariabury,NM,2024-08-08
924,C1923,Rodney,Benitez,Home Office,South Austin,CA,2024-01-04
925,C1924,Douglas,Washington,Home Office,Lake John,HI,2023-06-22
926,C1925,Ashley,Thomas,Home Office,New Kyle,HI,2025-03-01
927,C1926,Vicki,Mendez,Consumer,Lake Eric,WY,2023-08-21
928,C1927,Eugene,Turner,Home Office,Smithborough,KS,2024-03-05
929,C1928,Molly,Gonzalez,Corporate,Jessicaland,AR,2025-05-26
930,C1929,Shannon,Perez,Corporate,Lake Damon,AK,2025-05-12
931,C1930,Adam,Abbott,Corporate,Kimberlyburgh,AZ,2025-02-08
932,C1931,Brittany,Patel,Consumer,Lake Janetland,HI,2025-10-13
933,C1932,Kevin,Soto,Consumer,Annetteburgh,PA,2023-05-13
934,C1933,Justin,Morris,Home Office,New Jennifer,NC,2024-07-05
935,C1934,Karl,White,Corporate,Romerofort,MD,2024-04-11
936,C1935,Emily,Fox,Home Office,Freemanmouth,NE,2023-05-08
937,C1936,Andre,Case,Home Office,South Coreyport,OR,2024-11-18
938,C1937,Mitchell,Graves,Corporate,Jimenezland,WA,2024-06-25
939,C1938,Wyatt,Mccoy,Consumer,Lake Sarahland,NC,2024-11-11
940,C1939,Misty,Manning,Corporate,East Michael,HI,2025-09-16
941,C1940,Tyrone,Weaver,Corporate,South Loriburgh,DC,2025-04-26
942,C1941,Maria,Little,Home Office,New Adrian,CO,2023-04-28
943,C1942,Robert,Benitez,Home Office,Buckhaven,NE,2023-10-09
944,C1943,Randy,Chen,Corporate,Tapiaburgh,AL,2023-09-23
945,C1944,Justin,Zuniga,Consumer,Danielberg,NM,2023-07-02
946,C1945,Angela,White,Corporate,Lake Jonathan,PA,2024-12-02
947,C1946,Jason,Craig,Corporate,West Kristi,UT,2024-11-05
948,C1947,Thomas,Kirk,Corporate,Crawfordburgh,MT,2024-04-08
949,C1948,Karen,Fernandez,Corporate,Jeromeborough,MP,2025-10-19
950,C1949,Tracey,Daugherty,Consumer,Jasmineburgh,KY,2024-01-14
951,C1950,Michelle,Russell,Corporate,Port Susanfort,HI,2023-12-18
952,C1951,Deanna,Harris,Home Office,Lauraview,UT,2024-01-13
953,C1952,Angela,Jenkins,Consumer,Hendersonside,VI,2026-02-08
954,C1953,Debra,Bonilla,Corporate,Jamesmouth,DC,2025-01-31
955,C1954,Jean,Williams,Home Office,Gardnerberg,MH,2024-10-05
956,C1955,Ronald,Mathews,Corporate,Port Jenniferburgh,VT,2025-04-19
957,C1956,William,Nelson,Home Office,New Norma,AZ,2025-02-19
958,C1957,Jessica,Caldwell,Consumer,Alexanderfurt,AK,2025-11-28
959,C1958,Charlene,Patton,Home Office,Brownberg,ND,2025-05-05
960,C1959,Olivia,Spencer,Consumer,Kevinbury,FL,2024-10-16
961,C1960,Melissa,Harris,Home Office,West Michaelchester,MA,2024-10-03
962,C1961,Cory,Miller,Consumer,Sherrychester,VI,2023-09-18
963,C1962,Eric,Stewart,Corporate,Evanmouth,PW,2025-05-08
964,C1963,Jill,Jacobson,Home Office,West Jessica,IA,2026-02-26
965,C1964,Jennifer,Curry,Consumer,New Pamela,OK,2023-04-18
966,C1965,Janet,Cobb,Consumer,North Kristaborough,TN,2024-04-26
967,C1966,Sarah,Lynn,Corporate,West Terry,SC,2023-09-29
968,C1967,Connor,Green,Corporate,Hernandezberg,RI,2025-07-23
969,C1968,Andrew,Allen,Consumer,East Cassandra,WY,2023-09-27
970,C1969,Claire,Reynolds,Home Office,Johnsonstad,AZ,2025-04-24
971,C1970,Jason,Huffman,Corporate,North Regina,MI,2024-07-26
972,C1971,Benjamin,Davis,Corporate,Elizabethberg,MA,2023-03-16
973,C1972,Kristen,Ellis,Corporate,Allenfort,WA,2026-02-26
974,C1973,Steven,Cannon,Corporate,Nelsonborough,KY,2025-05-27
975,C1974,Kimberly,Clark,Corporate,Jacksonmouth,IN,2025-05-15
976,C1975,Danielle,Ross,Consumer,Knightshire,IL,2023-08-21
977,C1976,Anna,Rich,Corporate,South Sara,OR,2025-04-07
978,C1977,Jason,Ward,Home Office,Lewisland,AS,2024-07-03
979,C1978,Troy,Owens,Corporate,Joneschester,MT,2024-09-02
980,C1979,Rebecca,Taylor,Home Office,Harrisbury,MI,2026-01-14
981,C1980,Karen,Wallace,Corporate,Millsfurt,SD,2023-08-26
982,C1981,David,Mcfarland,Corporate,North Jasonstad,NV,2025-06-15
983,C1982,Gary,Alvarez,Home Office,Ashleystad,VI,2024-05-20
984,C1983,Michael,Watson,Corporate,Williamsview,MI,2023-06-21
985,C1984,Aaron,Lambert,Corporate,Port Kelly,IL,2023-07-07
986,C1985,Tyler,Harris,Home Office,East Phillip,AR,2024-06-02
987,C1986,Kelly,Dudley,Home Office,New Destiny,NM,2023-04-08
988,C1987,Evelyn,Ayers,Corporate,Craigmouth,DE,2024-12-23
989,C1988,David,Nguyen,Corporate,Lake Tiffanyfurt,MH,2023-03-02
990,C1989,David,Baxter,Corporate,Phillipsberg,SD,2025-10-25
991,C1990,Glenn,Williams,Corporate,Nathanchester,MP,2024-07-03
992,C1991,Tanya,Smith,Corporate,New William,AR,2026-01-20
993,C1992,Kelly,Wright,Consumer,Johnsonfurt,ND,2026-02-28
994,C1993,Thomas,Harmon,Corporate,Lake Matthew,ME,2023-07-19
995,C1994,Jason,Sanchez,Consumer,West Ashleefort,PA,2023-04-11
996,C1995,Melanie,Bush,Corporate,Port Anthony,ID,2024-09-09
997,C1996,Stacey,Morris,Consumer,Port Alexander,WV,2024-04-16
998,C1997,Ryan,Dillon,Home Office,Michaelmouth,DE,2023-10-21
999,C1998,Donald,Lowery,Home Office,Stewartstad,IN,2025-10-26
1000,C1999,Penny,Burns,Consumer,Kristyport,AK,2023-03-12
